Suite/Test/Step Name,Browser,Description,Tag,Start time,End time,Duration,Status
Sign Up - Logout,Chrome 135.0.7049.115,,,29-04-2025 12:46:25,29-04-2025 12:47:09,43.427s,PASSED
,,,,,,,
Test Cases/Test Case 27 - Simple Signup,Chrome 135.0.7049.115,,,29-04-2025 12:46:26,29-04-2025 12:47:06,40.250s,PASSED
"openBrowser("""")",Chrome 135.0.7049.115,,,29-04-2025 12:46:26,29-04-2025 12:46:30,3.717s,PASSED
"navigateToUrl(""https://automationexercise.com/"")",Chrome 135.0.7049.115,,,29-04-2025 12:46:30,29-04-2025 12:46:41,11.731s,PASSED
"verifyElementPresent(findTestObject(""Test Case 1/HomePageElementPresent""), 0)",Chrome 135.0.7049.115,,,29-04-2025 12:46:41,29-04-2025 12:46:42,0.790s,PASSED
"click(findTestObject(""Test Case 1/SignupLoginButton""))",Chrome 135.0.7049.115,,,29-04-2025 12:46:42,29-04-2025 12:46:44,2.323s,PASSED
"setText(findTestObject(""Test Case 1/NewUserSignup - Name""), ""Jessica"")",Chrome 135.0.7049.115,,,29-04-2025 12:46:44,29-04-2025 12:46:46,1.563s,PASSED
"setText(findTestObject(""Test Case 1/NewUserSignup - EmailAddress""), ""jessica.ferzle3@noema.net"")",Chrome 135.0.7049.115,,,29-04-2025 12:46:46,29-04-2025 12:46:47,0.599s,PASSED
"click(findTestObject(""Test Case 1/NewUserSignup - SignupButton""))",Chrome 135.0.7049.115,,,29-04-2025 12:46:47,29-04-2025 12:46:48,1.835s,PASSED
"click(findTestObject(""Test Case 1/EnterAccountInformation - Title""))",Chrome 135.0.7049.115,,,29-04-2025 12:46:48,29-04-2025 12:46:50,1.604s,PASSED
"setText(findTestObject(""Test Case 1/EnterAccountInformation - Password""), ""123"")",Chrome 135.0.7049.115,,,29-04-2025 12:46:50,29-04-2025 12:46:51,0.600s,PASSED
"setText(findTestObject(""Test Case 1/AddressInformation - FirstName""), ""jess"")",Chrome 135.0.7049.115,,,29-04-2025 12:46:51,29-04-2025 12:46:51,0.835s,PASSED
"setText(findTestObject(""Test Case 1/AddressInformation - LastName""), ""ferz"")",Chrome 135.0.7049.115,,,29-04-2025 12:46:51,29-04-2025 12:46:52,0.601s,PASSED
"setText(findTestObject(""Test Case 1/AddressInformation - Address1""), ""leb"")",Chrome 135.0.7049.115,,,29-04-2025 12:46:52,29-04-2025 12:46:53,0.566s,PASSED
"selectOptionByValue(findTestObject(""Test Case 1/AddressInformation - Country""), ""Canada"", false)",Chrome 135.0.7049.115,,,29-04-2025 12:46:53,29-04-2025 12:46:53,0.639s,PASSED
"setText(findTestObject(""Test Case 1/AddressInformation - State""), ""xyz"")",Chrome 135.0.7049.115,,,29-04-2025 12:46:53,29-04-2025 12:46:54,0.568s,PASSED
"setText(findTestObject(""Test Case 1/AddressInformation - City""), ""xyz"")",Chrome 135.0.7049.115,,,29-04-2025 12:46:54,29-04-2025 12:46:54,0.588s,PASSED
"setText(findTestObject(""Test Case 1/AddressInformation - Zipcode""), ""xyz"")",Chrome 135.0.7049.115,,,29-04-2025 12:46:54,29-04-2025 12:46:55,0.564s,PASSED
"setText(findTestObject(""Test Case 1/AddressInformation - MobileNumber""), ""111"")",Chrome 135.0.7049.115,,,29-04-2025 12:46:55,29-04-2025 12:46:56,0.552s,PASSED
"click(findTestObject(""Test Case 1/AddressInformation - CreateAccountButton""))",Chrome 135.0.7049.115,,,29-04-2025 12:46:56,29-04-2025 12:46:58,2.908s,PASSED
"click(findTestObject(""Test Case 1/AccountCreated - ContinueButton""))",Chrome 135.0.7049.115,,,29-04-2025 12:46:58,29-04-2025 12:47:06,7.450s,PASSED
,,,,,,,
Test Cases/Test Case 28 - Logout,Chrome 135.0.7049.115,,,29-04-2025 12:47:06,29-04-2025 12:47:09,2.971s,PASSED
"click(findTestObject(""Test Case 4/LogoutButton""))",Chrome 135.0.7049.115,,,29-04-2025 12:47:06,29-04-2025 12:47:09,2.908s,PASSED
